{"last_download_success": 1604447649.881938, "last_download_failure": 1604447654.2407665}