{"last_download_success": 1603918387.0238578, "last_download_failure": 1604447339.0154753, "unseen_downloads": []}