{"last_download_success": 1604447706.09381, "last_download_failure": 1604448316.186233}