{"last_download_success": 1611507702.849521, "unseen_downloads": [], "last_download_failure": 1611537600.952258}