{"last_download_success": 1604008022.8234622, "unseen_downloads": [], "last_download_failure": 1604965906.509178}