{"last_download_failure": 1611250004.0171885, "last_download_success": 1611011317.6234117, "unseen_downloads": []}