{"last_download_failure": 1610753721.6523354, "last_download_success": 1607997264.6046395, "unseen_downloads": []}