{"last_download_failure": 1606769449.9631145, "last_download_success": 1606693863.3325503, "unseen_downloads": []}